{
	"miniprogramRoot": "miniprogram/",
	"cloudfunctionRoot": "cloudfunctions/",
	"description": "项目配置文件",
	"packOptions": {
		"ignore": []
	},
	"setting": {
		"urlCheck": false,
		"scopeDataCheck": false,
		"coverView": true,
		"es6": true,
		"postcss": true,
		"compileHotReLoad": false,
		"preloadBackgroundData": false,
		"minified": true,
		"autoAudits": false,
		"newFeature": true,
		"uglifyFileName": false,
		"uploadWithSourceMap": true,
		"useIsolateContext": true,
		"nodeModules": false,
		"enhance": false,
		"useCompilerModule": true,
		"userConfirmedUseCompilerModuleSwitch": false,
		"showShadowRootInWxmlPanel": true,
		"checkInvalidKey": true,
		"checkSiteMap": true,
		"babelSetting": {
			"ignore": [],
			"disablePlugins": [],
			"outputPath": ""
		}
	},
	"compileType": "miniprogram",
	"libVersion": "2.12.0",
	"appid": "wxf57ccd58387bb175",
	"projectname": "weappDemo",
	"debugOptions": {
		"hidedInDevtools": []
	},
	"isGameTourist": false,
	"simulatorType": "wechat",
	"simulatorPluginLibVersion": {},
	"cloudfunctionTemplateRoot": "cloudfunctionTemplate",
	"condition": {
		"search": {
			"current": -1,
			"list": []
		},
		"conversation": {
			"current": -1,
			"list": []
		},
		"game": {
			"currentL": -1,
			"list": []
		},
		"miniprogram": {
			"current": -1,
			"list": []
		}
	}
}